{"task": 0, "epoch": 499, "acc": 97.8, "avg_acc": 97.8, "forgetting": 0.0, "acc_per_task": [97.8], "train_lr": 1.0039083119111025e-05, "bwt": 0.0, "fwt": 0.0, "test_acc1": 97.8, "test_acc5": 100.0, "mean_acc5": 100.0, "train_loss": 0.03548, "test_loss": 0.14375, "token_mean_dist": 0.0, "token_min_dist": 0.0, "token_max_dist": 0.0}
{"task": 1, "epoch": 0, "acc": 94.0, "avg_acc": 95.9, "forgetting": 0.0, "acc_per_task": [95.4, 92.6], "train_lr": 0.00010000000000000002, "bwt": 0.0, "fwt": 95.4, "test_acc1": 94.0, "test_acc5": 99.6, "mean_acc5": 99.8, "train_loss": 0.36205, "test_loss": 0.29308, "token_mean_dist": 0.76955, "token_min_dist": 0.76955, "token_max_dist": 0.76955}
{"task": 2, "epoch": 0, "acc": 90.27, "avg_acc": 94.02, "forgetting": 3.6, "acc_per_task": [90.6, 89.6, 90.6], "train_lr": 0.00010000000000000002, "bwt": -2.4, "fwt": 91.87, "test_acc1": 90.27, "test_acc5": 98.73, "mean_acc5": 99.44, "train_loss": 0.17931, "test_loss": 0.46078, "token_mean_dist": 0.73108, "token_min_dist": 0.7022, "token_max_dist": 0.76955}
{"task": 3, "epoch": 0, "acc": 87.3, "avg_acc": 92.34, "forgetting": 3.866667, "acc_per_task": [89.8, 89.0, 81.2, 89.2], "train_lr": 0.00010000000000000002, "bwt": -3.13, "fwt": 89.27, "test_acc1": 87.3, "test_acc5": 98.05, "mean_acc5": 99.1, "train_loss": 0.11688, "test_loss": 0.5962, "token_mean_dist": 0.70069, "token_min_dist": 0.61416, "token_max_dist": 0.76955}
{"task": 4, "epoch": 0, "acc": 84.16, "avg_acc": 90.71, "forgetting": 7.05, "acc_per_task": [86.0, 87.6, 79.2, 81.8, 86.2], "train_lr": 0.00010000000000000002, "bwt": -4.7, "fwt": 87.02, "test_acc1": 84.16, "test_acc5": 97.28, "mean_acc5": 98.73, "train_loss": 0.08093, "test_loss": 0.7384, "token_mean_dist": 0.70786, "token_min_dist": 0.61416, "token_max_dist": 0.77134}
{"task": 5, "epoch": 0, "acc": 81.67, "avg_acc": 89.2, "forgetting": 7.56, "acc_per_task": [86.4, 86.6, 78.2, 81.2, 74.4, 83.2], "train_lr": 0.00010000000000000002, "bwt": -5.65, "fwt": 85.13, "test_acc1": 81.63, "test_acc5": 96.1, "mean_acc5": 98.29, "train_loss": 0.05719, "test_loss": 0.79491, "token_mean_dist": 0.7238, "token_min_dist": 0.61416, "token_max_dist": 0.79796}
{"task": 6, "epoch": 9, "acc": 78.54, "avg_acc": 87.68, "forgetting": 10.7, "acc_per_task": [81.0, 81.8, 74.6, 81.0, 73.8, 82.2, 75.4], "train_lr": 0.00010000000000000002, "bwt": -7.1, "fwt": 83.4, "test_acc1": 78.54, "test_acc5": 95.17, "mean_acc5": 97.85, "train_loss": 0.02411, "test_loss": 0.85276, "token_mean_dist": 0.71343, "token_min_dist": 0.59529, "token_max_dist": 0.79796}
{"task": 7, "epoch": 9, "acc": 75.38, "avg_acc": 86.14, "forgetting": 12.342857, "acc_per_task": [74.4, 81.4, 71.4, 80.0, 70.6, 75.4, 82.8, 67.0], "train_lr": 0.00010000000000000002, "bwt": -8.41, "fwt": 81.69, "test_acc1": 75.38, "test_acc5": 93.88, "mean_acc5": 97.35, "train_loss": 0.01983, "test_loss": 1.0133, "token_mean_dist": 0.71264, "token_min_dist": 0.59529, "token_max_dist": 0.79796}
{"task": 8, "epoch": 9, "acc": 73.91, "avg_acc": 84.78, "forgetting": 11.525, "acc_per_task": [71.4, 80.6, 69.0, 80.2, 68.0, 71.6, 82.0, 75.8, 66.6], "train_lr": 0.00010000000000000002, "bwt": -9.1, "fwt": 80.17, "test_acc1": 73.91, "test_acc5": 92.91, "mean_acc5": 96.86, "train_loss": 0.01581, "test_loss": 1.04978, "token_mean_dist": 0.70812, "token_min_dist": 0.59529, "token_max_dist": 0.79796}
{"task": 9, "epoch": 9, "acc": 72.42, "avg_acc": 83.54, "forgetting": 12.511111, "acc_per_task": [71.0, 77.4, 68.8, 78.0, 64.4, 67.0, 78.2, 72.0, 78.0, 69.4], "train_lr": 0.00010000000000000002, "bwt": -9.62, "fwt": 78.68, "test_acc1": 72.42, "test_acc5": 92.82, "mean_acc5": 96.45, "train_loss": 0.01379, "test_loss": 1.05784, "token_mean_dist": 0.71674, "token_min_dist": 0.59529, "token_max_dist": 0.79796}
{"task": 10, "epoch": 9, "acc": 70.36, "avg_acc": 82.35, "forgetting": 13.58, "acc_per_task": [69.4, 75.4, 66.8, 76.2, 58.6, 57.2, 75.0, 69.0, 81.4, 77.6, 67.4], "train_lr": 0.00010000000000000002, "bwt": -10.04, "fwt": 77.23, "test_acc1": 70.36, "test_acc5": 92.87, "mean_acc5": 96.13, "train_loss": 0.01159, "test_loss": 1.15309, "token_mean_dist": 0.72237, "token_min_dist": 0.59529, "token_max_dist": 0.79796}
{"task": 11, "epoch": 9, "acc": 70.42, "avg_acc": 81.35, "forgetting": 15.018182, "acc_per_task": [70.4, 72.2, 61.0, 73.4, 59.2, 49.6, 72.0, 64.2, 80.6, 77.8, 81.0, 83.6], "train_lr": 0.00010000000000000002, "bwt": -10.45, "fwt": 75.89, "test_acc1": 70.42, "test_acc5": 92.05, "mean_acc5": 95.79, "train_loss": 0.01132, "test_loss": 1.16567, "token_mean_dist": 0.7284, "token_min_dist": 0.59529, "token_max_dist": 0.81335}
{"task": 12, "epoch": 9, "acc": 67.82, "avg_acc": 80.31, "forgetting": 15.55, "acc_per_task": [70.4, 70.4, 58.0, 71.8, 56.2, 47.6, 67.0, 57.6, 80.0, 75.6, 83.4, 87.8, 55.8], "train_lr": 0.00010000000000000002, "bwt": -10.74, "fwt": 74.8, "test_acc1": 67.82, "test_acc5": 90.78, "mean_acc5": 95.4, "train_loss": 0.00942, "test_loss": 1.29409, "token_mean_dist": 0.71592, "token_min_dist": 0.59529, "token_max_dist": 0.81335}
{"task": 13, "epoch": 9, "acc": 66.46, "avg_acc": 79.32, "forgetting": 16.061538, "acc_per_task": [69.4, 70.2, 56.2, 72.4, 54.8, 48.6, 67.6, 53.0, 78.6, 73.2, 82.0, 87.2, 57.0, 60.2], "train_lr": 0.00010000000000000002, "bwt": -10.91, "fwt": 73.68, "test_acc1": 66.46, "test_acc5": 89.06, "mean_acc5": 94.95, "train_loss": 0.00875, "test_loss": 1.36781, "token_mean_dist": 0.71675, "token_min_dist": 0.59529, "token_max_dist": 0.81335}
{"task": 14, "epoch": 9, "acc": 65.45, "avg_acc": 78.4, "forgetting": 17.2, "acc_per_task": [69.4, 68.2, 51.8, 66.4, 54.6, 47.4, 66.4, 51.8, 76.4, 70.4, 78.0, 84.0, 58.8, 64.2, 74.0], "train_lr": 0.00010000000000000002, "bwt": -11.18, "fwt": 72.5, "test_acc1": 65.45, "test_acc5": 89.03, "mean_acc5": 94.56, "train_loss": 0.00822, "test_loss": 1.38108, "token_mean_dist": 0.71194, "token_min_dist": 0.59529, "token_max_dist": 0.81335}
{"task": 15, "epoch": 9, "acc": 64.8, "avg_acc": 77.55, "forgetting": 16.333333, "acc_per_task": [68.0, 68.6, 52.0, 67.2, 57.6, 44.4, 64.2, 51.8, 75.6, 68.6, 77.8, 81.6, 59.4, 64.0, 63.2, 72.8], "train_lr": 0.00010000000000000002, "bwt": -11.32, "fwt": 71.47, "test_acc1": 64.8, "test_acc5": 88.56, "mean_acc5": 94.18, "train_loss": 0.00686, "test_loss": 1.40573, "token_mean_dist": 0.70706, "token_min_dist": 0.58436, "token_max_dist": 0.81335}
{"task": 16, "epoch": 9, "acc": 63.96, "avg_acc": 76.75, "forgetting": 17.4875, "acc_per_task": [66.6, 64.2, 51.8, 66.8, 52.6, 40.6, 62.2, 50.2, 71.0, 66.6, 73.8, 80.8, 58.6, 62.6, 77.4, 68.0, 73.6], "train_lr": 0.00010000000000000002, "bwt": -11.56, "fwt": 70.52, "test_acc1": 63.96, "test_acc5": 87.54, "mean_acc5": 93.79, "train_loss": 0.00664, "test_loss": 1.48774, "token_mean_dist": 0.7066, "token_min_dist": 0.58436, "token_max_dist": 0.81335}
{"task": 17, "epoch": 9, "acc": 62.48, "avg_acc": 75.96, "forgetting": 18.211765, "acc_per_task": [66.2, 64.4, 50.0, 65.4, 53.0, 39.2, 59.8, 48.6, 68.0, 60.4, 71.4, 80.4, 52.0, 62.0, 74.4, 74.2, 58.4, 76.8], "train_lr": 0.00010000000000000002, "bwt": -11.86, "fwt": 69.53, "test_acc1": 62.48, "test_acc5": 86.53, "mean_acc5": 93.39, "train_loss": 0.00654, "test_loss": 1.56033, "token_mean_dist": 0.70621, "token_min_dist": 0.58436, "token_max_dist": 0.81335}
{"task": 18, "epoch": 9, "acc": 61.03, "avg_acc": 75.17, "forgetting": 19.233333, "acc_per_task": [62.4, 65.2, 50.2, 62.0, 49.2, 38.6, 57.8, 48.2, 62.4, 59.2, 65.2, 79.4, 52.4, 58.4, 72.6, 74.0, 72.6, 61.6, 68.2], "train_lr": 0.00010000000000000002, "bwt": -12.22, "fwt": 68.59, "test_acc1": 61.03, "test_acc5": 86.04, "mean_acc5": 93.0, "train_loss": 0.00587, "test_loss": 1.61777, "token_mean_dist": 0.71082, "token_min_dist": 0.58436, "token_max_dist": 0.81335}
{"task": 19, "epoch": 9, "acc": 59.2, "avg_acc": 74.37, "forgetting": 20.410526, "acc_per_task": [65.0, 64.0, 48.6, 62.2, 49.2, 31.8, 56.2, 45.2, 63.2, 54.8, 62.8, 77.8, 48.4, 53.8, 67.8, 70.0, 68.8, 76.8, 43.8, 73.8], "train_lr": 0.00010000000000000002, "bwt": -12.66, "fwt": 67.58,