{"task": 0, "epoch": 499, "acc": 94.1, "avg_acc": 94.1, "forgetting": 0.0, "acc_per_task": [94.1], "train_lr": 1.0039083119111025e-05, "bwt": 0.0, "fwt": 0.0, "test_acc1": 94.1, "test_acc5": 99.9, "mean_acc5": 99.9, "train_loss": 0.02383, "test_loss": 0.37278, "token_mean_dist": 0.0, "token_min_dist": 0.0, "token_max_dist": 0.0}
{"task": 1, "epoch": 0, "acc": 87.8, "avg_acc": 90.95, "forgetting": 0.0, "acc_per_task": [90.2, 85.4], "train_lr": 0.00010000000000000002, "bwt": 0.0, "fwt": 90.2, "test_acc1": 87.8, "test_acc5": 98.35, "mean_acc5": 99.13, "train_loss": 0.13546, "test_loss": 0.68089, "token_mean_dist": 0.84455, "token_min_dist": 0.84455, "token_max_dist": 0.84455}
{"task": 2, "epoch": 0, "acc": 83.33, "avg_acc": 88.41, "forgetting": 4.4, "acc_per_task": [85.3, 80.9, 83.8], "train_lr": 0.00010000000000000002, "bwt": -2.93, "fwt": 85.47, "test_acc1": 83.33, "test_acc5": 96.47, "mean_acc5": 98.24, "train_loss": 0.07178, "test_loss": 0.83315, "token_mean_dist": 0.7937, "token_min_dist": 0.70274, "token_max_dist": 0.84455}
{"task": 3, "epoch": 9, "acc": 77.3, "avg_acc": 85.63, "forgetting": 8.066667, "acc_per_task": [78.3, 77.0, 73.6, 80.3], "train_lr": 0.00010000000000000002, "bwt": -5.5, "fwt": 80.88, "test_acc1": 77.3, "test_acc5": 94.53, "mean_acc5": 97.31, "train_loss": 0.02572, "test_loss": 1.08567, "token_mean_dist": 0.77998, "token_min_dist": 0.70274, "token_max_dist": 0.84455}
{"task": 4, "epoch": 9, "acc": 74.78, "avg_acc": 83.46, "forgetting": 11.3, "acc_per_task": [75.2, 75.2, 67.7, 77.6, 78.2], "train_lr": 0.00010000000000000002, "bwt": -7.82, "fwt": 78.1, "test_acc1": 74.78, "test_acc5": 93.4, "mean_acc5": 96.53, "train_loss": 0.01606, "test_loss": 1.1364, "token_mean_dist": 0.7668, "token_min_dist": 0.70274, "token_max_dist": 0.84455}
{"task": 5, "epoch": 9, "acc": 73.45, "avg_acc": 81.79, "forgetting": 14.16, "acc_per_task": [74.5, 68.6, 57.7, 72.0, 81.6, 86.3], "train_lr": 0.00010000000000000002, "bwt": -9.93, "fwt": 75.69, "test_acc1": 73.45, "test_acc5": 93.1, "mean_acc5": 95.96, "train_loss": 0.01291, "test_loss": 1.15841, "token_mean_dist": 0.77533, "token_min_dist": 0.70274, "token_max_dist": 0.88815}
{"task": 6, "epoch": 9, "acc": 69.64, "avg_acc": 80.06, "forgetting": 14.716667, "acc_per_task": [72.6, 64.3, 54.3, 64.9, 77.4, 85.4, 68.6], "train_lr": 0.00010000000000000002, "bwt": -11.3, "fwt": 74.01, "test_acc1": 69.64, "test_acc5": 91.09, "mean_acc5": 95.26, "train_loss": 0.01005, "test_loss": 1.31188, "token_mean_dist": 0.76317, "token_min_dist": 0.68092, "token_max_dist": 0.88815}
{"task": 7, "epoch": 9, "acc": 68.04, "avg_acc": 78.56, "forgetting": 16.371429, "acc_per_task": [70.1, 60.8, 52.6, 60.8, 71.5, 81.1, 67.7, 79.7], "train_lr": 0.00010000000000000002, "bwt": -12.45, "fwt": 72.1, "test_acc1": 68.03, "test_acc5": 90.71, "mean_acc5": 94.69, "train_loss": 0.00837, "test_loss": 1.29745, "token_mean_dist": 0.74866, "token_min_dist": 0.64625, "token_max_dist": 0.91153}
{"task": 8, "epoch": 9, "acc": 64.96, "avg_acc": 77.04, "forgetting": 18.7375, "acc_per_task": [68.1, 57.6, 49.8, 56.8, 61.8, 76.2, 59.9, 80.2, 74.2], "train_lr": 0.00010000000000000002, "bwt": -13.75, "fwt": 70.26, "test_acc1": 64.96, "test_acc5": 89.22, "mean_acc5": 94.08, "train_loss": 0.00679, "test_loss": 1.46271, "token_mean_dist": 0.75376, "token_min_dist": 0.64625, "token_max_dist": 0.95854}
{"task": 9, "epoch": 9, "acc": 62.02, "avg_acc": 75.54, "forgetting": 20.466667, "acc_per_task": [65.6, 52.7, 41.7, 56.4, 57.2, 72.2, 55.7, 74.1, 78.9, 65.7], "train_lr": 0.00010000000000000002, "bwt": -15.02, "fwt": 68.53, "test_acc1": 62.02, "test_acc5": 87.71, "mean_acc5": 93.45, "train_loss": 0.00586, "test_loss": 1.58264, "token_mean_dist": 0.75035, "token_min_dist": 0.63136, "token_max_dist": 0.95854}
{"avg": 75.54067710495721}
