{"task": 0, "epoch": 499, "acc": 94.2, "avg_acc": 94.2, "forgetting": 0.0, "acc_per_task": [94.2], "train_lr": 1.0039083119111025e-05, "bwt": 0.0, "fwt": 0.0, "test_acc1": 94.2, "test_acc5": 100.0, "mean_acc5": 100.0, "train_loss": 0.02488, "test_loss": 0.4128, "token_mean_dist": 0.0, "token_min_dist": 0.0, "token_max_dist": 0.0}
{"task": 1, "epoch": 0, "acc": 86.95, "avg_acc": 90.58, "forgetting": 0.0, "acc_per_task": [89.7, 84.2], "train_lr": 0.0001, "bwt": 0.0, "fwt": 89.7, "test_acc1": 86.95, "test_acc5": 98.05, "mean_acc5": 99.03, "train_loss": 0.07128, "test_loss": 0.71739, "token_mean_dist": 0.83507, "token_min_dist": 0.83507, "token_max_dist": 0.83507}
{"task": 2, "epoch": 0, "acc": 83.0, "avg_acc": 88.05, "forgetting": 4.8, "acc_per_task": [84.6, 79.2, 85.2], "train_lr": 0.0001, "bwt": -3.2, "fwt": 84.5, "test_acc1": 83.0, "test_acc5": 96.87, "mean_acc5": 98.31, "train_loss": 0.04695, "test_loss": 0.80156, "token_mean_dist": 0.7582, "token_min_dist": 0.68725, "token_max_dist": 0.83507}
{"task": 3, "epoch": 9, "acc": 77.53, "avg_acc": 85.42, "forgetting": 6.6, "acc_per_task": [81.5, 77.1, 75.0, 76.5], "train_lr": 0.0001, "bwt": -4.9, "fwt": 81.18, "test_acc1": 77.53, "test_acc5": 94.8, "mean_acc5": 97.43, "train_loss": 0.01683, "test_loss": 0.97815, "token_mean_dist": 0.71731, "token_min_dist": 0.60551, "token_max_dist": 0.83507}
{"task": 4, "epoch": 9, "acc": 74.12, "avg_acc": 83.16, "forgetting": 10.925, "acc_per_task": [77.7, 74.3, 67.9, 74.0, 76.7], "train_lr": 0.0001, "bwt": -7.31, "fwt": 78.1, "test_acc1": 74.12, "test_acc5": 93.66, "mean_acc5": 96.68, "train_loss": 0.01091, "test_loss": 1.10819, "token_mean_dist": 0.70711, "token_min_dist": 0.60551, "token_max_dist": 0.83507}
{"task": 5, "epoch": 9, "acc": 74.05, "avg_acc": 81.64, "forgetting": 11.34, "acc_per_task": [74.3, 72.8, 62.9, 73.4, 77.6, 83.3], "train_lr": 0.0001, "bwt": -8.65, "fwt": 76.13, "test_acc1": 74.05, "test_acc5": 93.4, "mean_acc5": 96.13, "train_loss": 0.00975, "test_loss": 1.06781, "token_mean_dist": 0.70429, "token_min_dist": 0.60551, "token_max_dist": 0.83507}
{"task": 6, "epoch": 9, "acc": 70.53, "avg_acc": 80.05, "forgetting": 12.316667, "acc_per_task": [73.1, 67.7, 56.4, 69.0, 76.7, 81.0, 69.8], "train_lr": 0.0001, "bwt": -9.7, "fwt": 74.57, "test_acc1": 70.53, "test_acc5": 91.53, "mean_acc5": 95.47, "train_loss": 0.00819, "test_loss": 1.25849, "token_mean_dist": 0.70012, "token_min_dist": 0.60551, "token_max_dist": 0.83507}
{"task": 7, "epoch": 9, "acc": 67.9, "avg_acc": 78.53, "forgetting": 13.042857, "acc_per_task": [70.7, 65.4, 53.7, 66.4, 71.8, 81.7, 54.6, 78.9], "train_lr": 0.0001, "bwt": -10.5, "fwt": 72.51, "test_acc1": 67.9, "test_acc5": 90.41, "mean_acc5": 94.84, "train_loss": 0.00638, "test_loss": 1.32328, "token_mean_dist": 0.70854, "token_min_dist": 0.60551, "token_max_dist": 0.83632}
{"task": 8, "epoch": 9, "acc": 65.12, "avg_acc": 77.04, "forgetting": 15.3875, "acc_per_task": [69.6, 59.6, 48.3, 60.4, 70.5, 79.3, 60.0, 59.8, 78.6], "train_lr": 0.0001, "bwt": -11.56, "fwt": 70.49, "test_acc1": 65.12, "test_acc5": 89.52, "mean_acc5": 94.25, "train_loss": 0.00546, "test_loss": 1.39495, "token_mean_dist": 0.71449, "token_min_dist": 0.60551, "token_max_dist": 0.84676}
{"task": 9, "epoch": 9, "acc": 63.45, "avg_acc": 75.68, "forgetting": 16.855556, "acc_per_task": [68.5, 58.0, 43.4, 60.4, 67.7, 74.6, 58.9, 66.5, 66.8, 69.7], "train_lr": 0.0001, "bwt": -12.6, "fwt": 68.94, "test_acc1": 63.46, "test_acc5": 88.6, "mean_acc5": 93.68, "train_loss": 0.00482, "test_loss": 1.45116, "token_mean_dist": 0.72511, "token_min_dist": 0.60551, "token_max_dist": 0.85668}
{"avg": 75.68558132196335}
