{"task": 0, "epoch": 499, "acc": 88.3, "avg_acc": 88.3, "forgetting": 0.0, "acc_per_task": [88.3], "train_lr": 1.0039083119111027e-05, "bwt": 0.0, "fwt": 0.0, "test_acc1": 88.3, "test_acc5": 98.65, "mean_acc5": 98.65, "train_loss": 0.01294, "test_loss": 0.69142, "token_mean_dist": 0.0, "token_min_dist": 0.0, "token_max_dist": 0.0}
{"task": 1, "epoch": 0, "acc": 80.2, "avg_acc": 84.25, "forgetting": 0.0, "acc_per_task": [78.55, 81.85], "train_lr": 0.00010000000000000002, "bwt": 0.0, "fwt": 78.55, "test_acc1": 80.2, "test_acc5": 95.95, "mean_acc5": 97.3, "train_loss": 0.04353, "test_loss": 1.05644, "token_mean_dist": 1.10883, "token_min_dist": 1.10883, "token_max_dist": 1.10883}
{"task": 2, "epoch": 9, "acc": 76.92, "avg_acc": 81.81, "forgetting": 7.05, "acc_per_task": [74.2, 70.65, 85.9], "train_lr": 0.00010000000000000002, "bwt": -4.7, "fwt": 74.47, "test_acc1": 76.92, "test_acc5": 94.7, "mean_acc5": 96.43, "train_loss": 0.01407, "test_loss": 1.05469, "token_mean_dist": 1.03838, "token_min_dist": 0.8594, "token_max_dist": 1.14691}
{"task": 3, "epoch": 9, "acc": 71.95, "avg_acc": 79.34, "forgetting": 12.833333, "acc_per_task": [68.15, 63.5, 79.2, 76.95], "train_lr": 0.00010000000000000002, "bwt": -8.77, "fwt": 72.37, "test_acc1": 71.96, "test_acc5": 92.43, "mean_acc5": 95.43, "train_loss": 0.00906, "test_loss": 1.3065, "token_mean_dist": 0.96396, "token_min_dist": 0.77034, "token_max_dist": 1.14691}
{"task": 4, "epoch": 9, "acc": 67.17, "avg_acc": 76.91, "forgetting": 16.1625, "acc_per_task": [63.45, 57.4, 70.55, 70.35, 74.1], "train_lr": 0.00010000000000000002, "bwt": -11.73, "fwt": 69.6, "test_acc1": 67.17, "test_acc5": 90.42, "mean_acc5": 94.43, "train_loss": 0.00601, "test_loss": 1.48814, "token_mean_dist": 0.92749, "token_min_dist": 0.72135, "token_max_dist": 1.14691}
{"avg": 76.90983614013672}
