{"task": 0, "epoch": 499, "acc": 91.6, "avg_acc": 91.6, "forgetting": 0.0, "acc_per_task": [91.6], "train_lr": 1.0019344170065059e-05, "bwt": 0.0, "fwt": 0.0, "test_acc1": 91.6, "test_acc5": 99.2, "mean_acc5": 99.2, "train_loss": 0.03035, "test_loss": 0.46497, "token_mean_dist": 0.0, "token_min_dist": 0.0, "token_max_dist": 0.0}
{"task": 1, "epoch": 4, "acc": 85.8, "avg_acc": 88.7, "forgetting": 0.0, "acc_per_task": [87.0, 84.6], "train_lr": 0.00010000000000000002, "bwt": 0.0, "fwt": 87.0, "test_acc1": 85.8, "test_acc5": 96.3, "mean_acc5": 97.75, "train_loss": 0.09767, "test_loss": 0.79396, "token_mean_dist": 0.84173, "token_min_dist": 0.84173, "token_max_dist": 0.84173}
{"task": 2, "epoch": 4, "acc": 81.53, "avg_acc": 86.31, "forgetting": 6.2, "acc_per_task": [79.2, 80.8, 84.6], "train_lr": 0.00010000000000000002, "bwt": -4.13, "fwt": 82.33, "test_acc1": 81.53, "test_acc5": 94.87, "mean_acc5": 96.79, "train_loss": 0.0466, "test_loss": 0.96554, "token_mean_dist": 0.77827, "token_min_dist": 0.69231, "token_max_dist": 0.84173}
{"task": 3, "epoch": 9, "acc": 79.35, "avg_acc": 84.57, "forgetting": 8.133333, "acc_per_task": [75.8, 76.0, 83.0, 82.6], "train_lr": 0.00010000000000000002, "bwt": -6.13, "fwt": 80.3, "test_acc1": 79.35, "test_acc5": 94.6, "mean_acc5": 96.24, "train_loss": 0.02457, "test_loss": 1.01666, "token_mean_dist": 0.7622, "token_min_dist": 0.67785, "token_max_dist": 0.84173}
{"task": 4, "epoch": 9, "acc": 77.28, "avg_acc": 83.11, "forgetting": 9.9, "acc_per_task": [68.8, 73.6, 78.8, 82.2, 83.0], "train_lr": 0.00010000000000000002, "bwt": -7.64, "fwt": 78.52, "test_acc1": 77.28, "test_acc5": 93.52, "mean_acc5": 95.7, "train_loss": 0.01679, "test_loss": 1.08078, "token_mean_dist": 0.75728, "token_min_dist": 0.67785, "token_max_dist": 0.86952}
{"task": 5, "epoch": 9, "acc": 76.57, "avg_acc": 82.02, "forgetting": 9.36, "acc_per_task": [68.4, 72.6, 77.6, 78.0, 83.8, 79.0], "train_lr": 0.00010000000000000002, "bwt": -8.21, "fwt": 77.71, "test_acc1": 76.57, "test_acc5": 92.53, "mean_acc5": 95.17, "train_loss": 0.013, "test_loss": 1.02287, "token_mean_dist": 0.74758, "token_min_dist": 0.65207, "token_max_dist": 0.86952}
{"task": 6, "epoch": 9, "acc": 73.49, "avg_acc": 80.8, "forgetting": 11.566667, "acc_per_task": [63.2, 69.6, 72.4, 74.4, 77.4, 83.4, 74.0], "train_lr": 0.00010000000000000002, "bwt": -9.17, "fwt": 76.48, "test_acc1": 73.49, "test_acc5": 92.0, "mean_acc5": 94.72, "train_loss": 0.01055, "test_loss": 1.27612, "token_mean_dist": 0.71711, "token_min_dist": 0.60535, "token_max_dist": 0.86952}
{"task": 7, "epoch": 9, "acc": 71.6, "avg_acc": 79.65, "forgetting": 12.514286, "acc_per_task": [58.6, 66.6, 68.6, 70.8, 71.8, 82.2, 82.4, 71.8], "train_lr": 0.00010000000000000002, "bwt": -9.98, "fwt": 75.25, "test_acc1": 71.6, "test_acc5": 90.83, "mean_acc5": 94.23, "train_loss": 0.0088, "test_loss": 1.18869, "token_mean_dist": 0.70445, "token_min_dist": 0.5641, "token_max_dist": 0.86952}
{"task": 8, "epoch": 9, "acc": 70.2, "avg_acc": 78.6, "forgetting": 12.4, "acc_per_task": [57.2, 63.4, 66.0, 71.8, 70.6, 78.0, 78.4, 78.8, 67.6], "train_lr": 0.00010000000000000002, "bwt": -10.37, "fwt": 74.2, "test_acc1": 70.2, "test_acc5": 89.73, "mean_acc5": 93.73, "train_loss": 0.0079, "test_loss": 1.2804, "token_mean_dist": 0.69079, "token_min_dist": 0.55291, "token_max_dist": 0.86952}
{"task": 9, "epoch": 9, "acc": 68.74, "avg_acc": 77.62, "forgetting": 12.866667, "acc_per_task": [57.8, 63.6, 65.0, 67.8, 66.0, 77.8, 73.4, 77.6, 76.0, 62.4], "train_lr": 0.00010000000000000002, "bwt": -10.57, "fwt": 73.25, "test_acc1": 68.74, "test_acc5": 89.26, "mean_acc5": 93.28, "train_loss": 0.00719, "test_loss": 1.3094, "token_mean_dist": 0.68222, "token_min_dist": 0.55291, "token_max_dist": 0.86952}
{"avg": 77.61557367411295}
